experiment_id,learning_rate,batch_size,epochs,train_loss,val_loss,test_loss,test_mae,test_mse,test_rmse,test_r2,test_mape
0,0.001,16,0,,0.031369294971227646,,,,,,
0,0.001,16,0,0.0724855437874794,,,,,,,
0,0.001,16,0,0.0776677280664444,,,,,,,
0,0.001,16,0,0.03049321658909321,,,,,,,
0,0.001,16,0,0.04528285190463066,,,,,,,
0,0.001,16,0,0.02760680392384529,,,,,,,
0,0.001,16,0,0.024770770221948624,,,,,,,
0,0.001,16,0,0.02686154842376709,,,,,,,
0,0.001,16,0,0.02913208305835724,,,,,,,
0,0.001,16,0,0.029982732608914375,,,,,,,
0,0.001,16,0,0.028715619817376137,,,,,,,
0,0.001,16,0,0.04257143288850784,,,,,,,
0,0.001,16,0,0.02954924665391445,,,,,,,
0,0.001,16,0,0.07902676612138748,,,,,,,
0,0.001,16,0,0.09486376494169235,,,,,,,
0,0.001,16,0,0.10755018144845963,,,,,,,
0,0.001,16,0,0.08547849953174591,,,,,,,
0,0.001,16,0,0.046142298728227615,,,,,,,
0,0.001,16,0,0.1305464804172516,,,,,,,
0,0.001,16,0,0.13775040209293365,,,,,,,
0,0.001,16,0,0.6125165224075317,,,,,,,
0,0.001,16,0,0.10664863884449005,,,,,,,
0,0.001,16,0,0.03150912746787071,,,,,,,
0,0.001,16,0,0.057283855974674225,,,,,,,
0,0.001,16,0,0.030746927484869957,,,,,,,
0,0.001,16,0,0.027856962755322456,,,,,,,
0,0.001,16,0,0.024411361664533615,,,,,,,
0,0.001,16,0,0.02839048020541668,,,,,,,
0,0.001,16,0,0.011759357526898384,,,,,,,
0,0.001,16,0,0.011148146353662014,,,,,,,
0,0.001,16,0,0.017602739855647087,,,,,,,
0,0.001,16,0,0.02252914197742939,,,,,,,
0,0.001,16,0,0.013169211335480213,,,,,,,
0,0.001,16,0,0.01625191979110241,,,,,,,
0,0.001,16,0,0.02625213749706745,,,,,,,
0,0.001,16,0,0.020112795755267143,,,,,,,
0,0.001,16,0,0.02706293575465679,,,,,,,
0,0.001,16,0,0.030873099341988564,,,,,,,
0,0.001,16,0,0.016543101519346237,,,,,,,
0,0.001,16,0,0.01977129466831684,,,,,,,
0,0.001,16,0,0.03654373437166214,,,,,,,
0,0.001,16,0,0.042618874460458755,,,,,,,
0,0.001,16,0,0.0193698238581419,,,,,,,
0,0.001,16,0,0.023468971252441406,,,,,,,
0,0.001,16,0,0.07772976160049438,,,,,,,
0,0.001,16,0,0.0248717088252306,,,,,,,
0,0.001,16,0,0.02849905751645565,,,,,,,
0,0.001,16,0,0.024569647386670113,,,,,,,
0,0.001,16,0,0.01384191308170557,,,,,,,
0,0.001,16,0,0.008536680601537228,,,,,,,
0,0.001,16,0,0.011598448269069195,,,,,,,
0,0.001,16,0,0.03081616759300232,,,,,,,
0,0.001,16,0,0.00648217648267746,,,,,,,
0,0.001,16,0,0.017918137833476067,,,,,,,
0,0.001,16,0,0.022694608196616173,,,,,,,
0,0.001,16,0,0.13555027544498444,,,,,,,
0,0.001,16,0,0.12451265007257462,,,,,,,
0,0.001,16,0,0.08295464515686035,,,,,,,
0,0.001,16,0,0.3239961266517639,,,,,,,
0,0.001,16,0,0.15688768029212952,,,,,,,
0,0.001,16,0,0.40455612540245056,,,,,,,
0,0.001,16,0,0.719218909740448,,,,,,,
0,0.001,16,0,0.49534469842910767,,,,,,,
0,0.001,16,0,0.1255720555782318,,,,,,,
0,0.001,16,0,0.0008749238913878798,,,,,,,
0,0.001,16,0,0.0007707008044235408,,,,,,,
0,0.001,16,0,0.0007071073050610721,,,,,,,
0,0.001,16,0,0.0006467343191616237,,,,,,,
0,0.001,16,0,0.0005838539218530059,,,,,,,
0,0.001,16,0,0.0005180910811759531,,,,,,,
0,0.001,16,0,0.0004658372199628502,,,,,,,
0,0.001,16,0,0.00045945312012918293,,,,,,,
0,0.001,16,0,0.0004164832062087953,,,,,,,
0,0.001,16,0,0.00036400576937012374,,,,,,,
0,0.001,16,0,0.00030767038697376847,,,,,,,
0,0.001,16,0,0.00027763700927607715,,,,,,,
0,0.001,16,0,0.00028221128741279244,,,,,,,
0,0.001,16,0,0.0002736980968620628,,,,,,,
0,0.001,16,0,0.000251869234489277,,,,,,,
0,0.001,16,0,0.00020993458747398108,,,,,,,
0,0.001,16,0,0.00026004452956840396,,,,,,,
0,0.001,16,0,0.00021302721870597452,,,,,,,
0,0.001,16,0,0.00019209216407034546,,,,,,,
0,0.001,16,0,0.00016338870045728981,,,,,,,
0,0.001,16,0,0.00017963536083698273,,,,,,,
0,0.001,16,0,0.3742128908634186,,,,,,,
0,0.001,16,0,0.4986152946949005,,,,,,,
0,0.001,16,0,0.00015619704208802432,,,,,,,
0,0.001,16,0,0.00010954949539154768,,,,,,,
0,0.001,16,0,0.00010622650006553158,,,,,,,
0,0.001,16,0,0.31082162261009216,,,,,,,
0,0.001,16,0,0.6539888978004456,,,,,,,
0,0.001,16,0,0.3938307762145996,,,,,,,
0,0.001,16,0,0.06036442518234253,,,,,,,
0,0.001,16,0,0.01925925724208355,,,,,,,
0,0.001,16,0,0.05751650780439377,,,,,,,
0,0.001,16,0,0.040693867951631546,,,,,,,
0,0.001,16,0,0.040693867951631546,0.012472803704440594,,,,,,
1,0.001,16,1,0.04707282781600952,0.012472803704440594,,,,,,
1,0.001,16,1,0.06233217939734459,0.012472803704440594,,,,,,
1,0.001,16,1,0.013329765759408474,0.012472803704440594,,,,,,
1,0.001,16,1,0.032014258205890656,0.012472803704440594,,,,,,
1,0.001,16,1,0.0029672838281840086,0.012472803704440594,,,,,,
1,0.001,16,1,0.001196252298541367,0.012472803704440594,,,,,,
1,0.001,16,1,0.0026784625370055437,0.012472803704440594,,,,,,
1,0.001,16,1,0.002945404965430498,0.012472803704440594,,,,,,
1,0.001,16,1,0.004812273196876049,0.012472803704440594,,,,,,
1,0.001,16,1,0.005234230775386095,0.012472803704440594,,,,,,
1,0.001,16,1,0.013255138881504536,0.012472803704440594,,,,,,
1,0.001,16,1,0.006262763403356075,0.012472803704440594,,,,,,
1,0.001,16,1,0.047824613749980927,0.012472803704440594,,,,,,
1,0.001,16,1,0.06332956999540329,0.012472803704440594,,,,,,
1,0.001,16,1,0.09174229949712753,0.012472803704440594,,,,,,
1,0.001,16,1,0.06255336850881577,0.012472803704440594,,,,,,
1,0.001,16,1,0.03000304102897644,0.012472803704440594,,,,,,
1,0.001,16,1,0.11867795139551163,0.012472803704440594,,,,,,
1,0.001,16,1,0.12753887474536896,0.012472803704440594,,,,,,
1,0.001,16,1,0.5853069424629211,0.012472803704440594,,,,,,
1,0.001,16,1,0.09880747646093369,0.012472803704440594,,,,,,
1,0.001,16,1,0.021656470373272896,0.012472803704440594,,,,,,
1,0.001,16,1,0.05169007182121277,0.012472803704440594,,,,,,
1,0.001,16,1,0.020509207621216774,0.012472803704440594,,,,,,
1,0.001,16,1,0.020107939839363098,0.012472803704440594,,,,,,
1,0.001,16,1,0.020003080368041992,0.012472803704440594,,,,,,
1,0.001,16,1,0.026331139728426933,0.012472803704440594,,,,,,
1,0.001,16,1,0.0029337529558688402,0.012472803704440594,,,,,,
1,0.001,16,1,0.0013173428596928716,0.012472803704440594,,,,,,
1,0.001,16,1,0.0043808105401694775,0.012472803704440594,,,,,,
1,0.001,16,1,0.008545867167413235,0.012472803704440594,,,,,,
1,0.001,16,1,0.003537611337378621,0.012472803704440594,,,,,,
1,0.001,16,1,0.00552581250667572,0.012472803704440594,,,,,,
1,0.001,16,1,0.014884321950376034,0.012472803704440594,,,,,,
1,0.001,16,1,0.011914471164345741,0.012472803704440594,,,,,,
1,0.001,16,1,0.01695307344198227,0.012472803704440594,,,,,,
1,0.001,16,1,0.021012211218476295,0.012472803704440594,,,,,,
1,0.001,16,1,0.011083257384598255,0.012472803704440594,,,,,,
1,0.001,16,1,0.013178818859159946,0.012472803704440594,,,,,,
1,0.001,16,1,0.028216591104865074,0.012472803704440594,,,,,,
1,0.001,16,1,0.03914743661880493,0.012472803704440594,,,,,,
1,0.001,16,1,0.01464134268462658,0.012472803704440594,,,,,,
1,0.001,16,1,0.01791890151798725,0.012472803704440594,,,,,,
1,0.001,16,1,0.07719630748033524,0.012472803704440594,,,,,,
1,0.001,16,1,0.021656546741724014,0.012472803704440594,,,,,,
1,0.001,16,1,0.0278872512280941,0.012472803704440594,,,,,,
1,0.001,16,1,0.025152400135993958,0.012472803704440594,,,,,,
1,0.001,16,1,0.012814571149647236,0.012472803704440594,,,,,,
1,0.001,16,1,0.006530060898512602,0.012472803704440594,,,,,,
1,0.001,16,1,0.008074977435171604,0.012472803704440594,,,,,,
1,0.001,16,1,0.0262924637645483,0.012472803704440594,,,,,,
1,0.001,16,1,0.004227369092404842,0.012472803704440594,,,,,,
1,0.001,16,1,0.015404981561005116,0.012472803704440594,,,,,,
1,0.001,16,1,0.021682629361748695,0.012472803704440594,,,,,,
1,0.001,16,1,0.1299782544374466,0.012472803704440594,,,,,,
1,0.001,16,1,0.1219591349363327,0.012472803704440594,,,,,,
1,0.001,16,1,0.08181585371494293,0.012472803704440594,,,,,,
1,0.001,16,1,0.3227568566799164,0.012472803704440594,,,,,,
1,0.001,16,1,0.15542973577976227,0.012472803704440594,,,,,,
1,0.001,16,1,0.40425100922584534,0.012472803704440594,,,,,,
1,0.001,16,1,0.7148513793945312,0.012472803704440594,,,,,,
1,0.001,16,1,0.49689286947250366,0.012472803704440594,,,,,,
1,0.001,16,1,0.1248096227645874,0.012472803704440594,,,,,,
1,0.001,16,1,8.147076732711866e-05,0.012472803704440594,,,,,,
1,0.001,16,1,8.996763062896207e-05,0.012472803704440594,,,,,,
1,0.001,16,1,0.0001048312260536477,0.012472803704440594,,,,,,
1,0.001,16,1,6.450691580539569e-05,0.012472803704440594,,,,,,
1,0.001,16,1,7.673459913348779e-05,0.012472803704440594,,,,,,
1,0.001,16,1,9.271626913687214e-05,0.012472803704440594,,,,,,
1,0.001,16,1,8.040713146328926e-05,0.012472803704440594,,,,,,
1,0.001,16,1,6.640480569330975e-05,0.012472803704440594,,,,,,
1,0.001,16,1,6.368504546117038e-05,0.012472803704440594,,,,,,
1,0.001,16,1,6.132668204372749e-05,0.012472803704440594,,,,,,
1,0.001,16,1,5.9119432989973575e-05,0.012472803704440594,,,,,,
1,0.001,16,1,8.311963028972968e-05,0.012472803704440594,,,,,,
1,0.001,16,1,9.028714703163132e-05,0.012472803704440594,,,,,,
1,0.001,16,1,7.014808215899393e-05,0.012472803704440594,,,,,,
1,0.001,16,1,6.767889863112941e-05,0.012472803704440594,,,,,,
1,0.001,16,1,6.083543485146947e-05,0.012472803704440594,,,,,,
1,0.001,16,1,7.099802314769477e-05,0.012472803704440594,,,,,,
1,0.001,16,1,5.8283341786591336e-05,0.012472803704440594,,,,,,
1,0.001,16,1,5.2946761570638046e-05,0.012472803704440594,,,,,,
1,0.001,16,1,6.155976006994024e-05,0.012472803704440594,,,,,,
1,0.001,16,1,3.643525269581005e-05,0.012472803704440594,,,,,,
1,0.001,16,1,0.37223145365715027,0.012472803704440594,,,,,,
1,0.001,16,1,0.49663615226745605,0.012472803704440594,,,,,,
1,0.001,16,1,6.763745477655903e-05,0.012472803704440594,,,,,,
1,0.001,16,1,4.153570989728905e-05,0.012472803704440594,,,,,,
1,0.001,16,1,5.3859133913647383e-05,0.012472803704440594,,,,,,
1,0.001,16,1,0.31038063764572144,0.012472803704440594,,,,,,
1,0.001,16,1,0.6528743505477905,0.012472803704440594,,,,,,
1,0.001,16,1,0.39373019337654114,0.012472803704440594,,,,,,
1,0.001,16,1,0.06047928333282471,0.012472803704440594,,,,,,
1,0.001,16,1,0.01920936442911625,0.012472803704440594,,,,,,
1,0.001,16,1,0.058726828545331955,0.012472803704440594,,,,,,
1,0.001,16,1,0.039745260030031204,0.012472803704440594,,,,,,
1,0.001,16,1,0.039745260030031204,0.012464873492717743,,,,,,
2,0.001,16,2,0.04659474268555641,0.012464873492717743,,,,,,
2,0.001,16,2,0.06196167320013046,0.012464873492717743,,,,,,
2,0.001,16,2,0.013168237172067165,0.012464873492717743,,,,,,
2,0.001,16,2,0.03229501098394394,0.012464873492717743,,,,,,
2,0.001,16,2,0.002851265948265791,0.012464873492717743,,,,,,
2,0.001,16,2,0.0012663614470511675,0.012464873492717743,,,,,,
2,0.001,16,2,0.002606926718726754,0.012464873492717743,,,,,,
2,0.001,16,2,0.0028595265466719866,0.012464873492717743,,,,,,
2,0.001,16,2,0.00465201074257493,0.012464873492717743,,,,,,
2,0.001,16,2,0.005067458841949701,0.012464873492717743,,,,,,
2,0.001,16,2,0.013022670522332191,0.012464873492717743,,,,,,
2,0.001,16,2,0.005937523208558559,0.012464873492717743,,,,,,
2,0.001,16,2,0.047516416758298874,0.012464873492717743,,,,,,
2,0.001,16,2,0.0627748966217041,0.012464873492717743,,,,,,
2,0.001,16,2,0.09183520078659058,0.012464873492717743,,,,,,
2,0.001,16,2,0.06268926709890366,0.012464873492717743,,,,,,
2,0.001,16,2,0.030077261850237846,0.012464873492717743,,,,,,
2,0.001,16,2,0.11856941133737564,0.012464873492717743,,,,,,
2,0.001,16,2,0.12847286462783813,0.012464873492717743,,,,,,
2,0.001,16,2,0.5847092866897583,0.012464873492717743,,,,,,
2,0.001,16,2,0.09914194792509079,0.012464873492717743,,,,,,
2,0.001,16,2,0.02200414426624775,0.012464873492717743,,,,,,
2,0.001,16,2,0.05137740448117256,0.012464873492717743,,,,,,
2,0.001,16,2,0.02055569924414158,0.012464873492717743,,,,,,
2,0.001,16,2,0.02008625864982605,0.012464873492717743,,,,,,
2,0.001,16,2,0.020106317475438118,0.012464873492717743,,,,,,
2,0.001,16,2,0.026096710935235023,0.012464873492717743,,,,,,
2,0.001,16,2,0.0029920043889433146,0.012464873492717743,,,,,,
2,0.001,16,2,0.001387065858580172,0.012464873492717743,,,,,,
2,0.001,16,2,0.004368766210973263,0.012464873492717743,,,,,,
2,0.001,16,2,0.008452477864921093,0.012464873492717743,,,,,,
2,0.001,16,2,0.003505985951051116,0.012464873492717743,,,,,,
2,0.001,16,2,0.005429648794233799,0.012464873492717743,,,,,,
2,0.001,16,2,0.014604685828089714,0.012464873492717743,,,,,,
2,0.001,16,2,0.012036815285682678,0.012464873492717743,,,,,,
2,0.001,16,2,0.01671185903251171,0.012464873492717743,,,,,,
2,0.001,16,2,0.020568711683154106,0.012464873492717743,,,,,,
2,0.001,16,2,0.010825388133525848,0.012464873492717743,,,,,,
2,0.001,16,2,0.013139697723090649,0.012464873492717743,,,,,,
2,0.001,16,2,0.02801460400223732,0.012464873492717743,,,,,,
2,0.001,16,2,0.03883552551269531,0.012464873492717743,,,,,,
2,0.001,16,2,0.014517061412334442,0.012464873492717743,,,,,,
2,0.001,16,2,0.0180659182369709,0.012464873492717743,,,,,,
2,0.001,16,2,0.07671759277582169,0.012464873492717743,,,,,,
2,0.001,16,2,0.021516745910048485,0.012464873492717743,,,,,,
2,0.001,16,2,0.027707843109965324,0.012464873492717743,,,,,,
2,0.001,16,2,0.024847954511642456,0.012464873492717743,,,,,,
2,0.001,16,2,0.012643829919397831,0.012464873492717743,,,,,,
2,0.001,16,2,0.006695149932056665,0.012464873492717743,,,,,,
2,0.001,16,2,0.008004395291209221,0.012464873492717743,,,,,,
2,0.001,16,2,0.026169994845986366,0.012464873492717743,,,,,,
2,0.001,16,2,0.004369386937469244,0.012464873492717743,,,,,,
2,0.001,16,2,0.015291566960513592,0.012464873492717743,,,,,,
2,0.001,16,2,0.021508708596229553,0.012464873492717743,,,,,,
2,0.001,16,2,0.12972073256969452,0.012464873492717743,,,,,,
2,0.001,16,2,0.12180403620004654,0.012464873492717743,,,,,,
2,0.001,16,2,0.08200223743915558,0.012464873492717743,,,,,,
2,0.001,16,2,0.32242506742477417,0.012464873492717743,,,,,,
2,0.001,16,2,0.1552993506193161,0.012464873492717743,,,,,,
2,0.001,16,2,0.40457481145858765,0.012464873492717743,,,,,,
2,0.001,16,2,0.7172530889511108,0.012464873492717743,,,,,,
2,0.001,16,2,0.49828019738197327,0.012464873492717743,,,,,,
2,0.001,16,2,0.12515249848365784,0.012464873492717743,,,,,,
2,0.001,16,2,6.926361675141379e-05,0.012464873492717743,,,,,,
2,0.001,16,2,6.564987415913492e-05,0.012464873492717743,,,,,,
2,0.001,16,2,6.974761345190927e-05,0.012464873492717743,,,,,,
2,0.001,16,2,6.21652725385502e-05,0.012464873492717743,,,,,,
2,0.001,16,2,7.506650581490248e-05,0.012464873492717743,,,,,,
2,0.001,16,2,6.097598816268146e-05,0.012464873492717743,,,,,,
2,0.001,16,2,4.245727541274391e-05,0.012464873492717743,,,,,,
2,0.001,16,2,5.888429586775601e-05,0.012464873492717743,,,,,,
2,0.001,16,2,5.2702613174915314e-05,0.012464873492717743,,,,,,
2,0.001,16,2,4.631709816749208e-05,0.012464873492717743,,,,,,
2,0.001,16,2,5.60107764613349e-05,0.012464873492717743,,,,,,
2,0.001,16,2,4.0249102312373e-05,0.012464873492717743,,,,,,
2,0.001,16,2,4.1875453462125733e-05,0.012464873492717743,,,,,,
2,0.001,16,2,4.979304503649473e-05,0.012464873492717743,,,,,,
2,0.001,16,2,5.060879630036652e-05,0.012464873492717743,,,,,,
2,0.001,16,2,3.752990596694872e-05,0.012464873492717743,,,,,,
2,0.001,16,2,4.621188418241218e-05,0.012464873492717743,,,,,,
2,0.001,16,2,5.714538929169066e-05,0.012464873492717743,,,,,,
2,0.001,16,2,6.204764940775931e-05,0.012464873492717743,,,,,,
2,0.001,16,2,4.654955773730762e-05,0.012464873492717743,,,,,,
2,0.001,16,2,5.1513543439796194e-05,0.012464873492717743,,,,,,
2,0.001,16,2,0.37246033549308777,0.012464873492717743,,,,,,
2,0.001,16,2,0.4990675449371338,0.012464873492717743,,,,,,
2,0.001,16,2,3.284743070253171e-05,0.012464873492717743,,,,,,
2,0.001,16,2,3.4264194255229086e-05,0.012464873492717743,,,,,,
2,0.001,16,2,4.923101369058713e-05,0.012464873492717743,,,,,,
2,0.001,16,2,0.31073492765426636,0.012464873492717743,,,,,,
2,0.001,16,2,0.653106689453125,0.012464873492717743,,,,,,
2,0.001,16,2,0.3938954770565033,0.012464873492717743,,,,,,
2,0.001,16,2,0.060381002724170685,0.012464873492717743,,,,,,
2,0.001,16,2,0.019256597384810448,0.012464873492717743,,,,,,
2,0.001,16,2,0.058297883719205856,0.012464873492717743,,,,,,
2,0.001,16,2,0.04014791175723076,0.012464873492717743,,,,,,
2,0.001,16,2,0.04014791175723076,0.012456947937607765,,,,,,
3,0.001,16,3,0.04705081135034561,0.012456947937607765,,,,,,
3,0.001,16,3,0.06183037534356117,0.012456947937607765,,,,,,
3,0.001,16,3,0.01325731910765171,0.012456947937607765,,,,,,
3,0.001,16,3,0.03239065036177635,0.012456947937607765,,,,,,
3,0.001,16,3,0.002879133215174079,0.012456947937607765,,,,,,
3,0.001,16,3,0.0012205485254526138,0.012456947937607765,,,,,,
3,0.001,16,3,0.0024823187850415707,0.012456947937607765,,,,,,
3,0.001,16,3,0.0027473645750433207,0.012456947937607765,,,,,,
3,0.001,16,3,0.004425185266882181,0.012456947937607765,,,,,,
3,0.001,16,3,0.004933706484735012,0.012456947937607765,,,,,,
3,0.001,16,3,0.012769713066518307,0.012456947937607765,,,,,,
3,0.001,16,3,0.0058172172866761684,0.012456947937607765,,,,,,
3,0.001,16,3,0.047382865101099014,0.012456947937607765,,,,,,
3,0.001,16,3,0.0624740794301033,0.012456947937607765,,,,,,
3,0.001,16,3,0.09217096120119095,0.012456947937607765,,,,,,
3,0.001,16,3,0.06287817656993866,0.012456947937607765,,,,,,
3,0.001,16,3,0.02989610657095909,0.012456947937607765,,,,,,
3,0.001,16,3,0.11885888129472733,0.012456947937607765,,,,,,
3,0.001,16,3,0.1272861808538437,0.012456947937607765,,,,,,
3,0.001,16,3,0.5843897461891174,0.012456947937607765,,,,,,
3,0.001,16,3,0.09903886169195175,0.012456947937607765,,,,,,
3,0.001,16,3,0.021482428535819054,0.012456947937607765,,,,,,
3,0.001,16,3,0.05163094773888588,0.012456947937607765,,,,,,
3,0.001,16,3,0.020534617826342583,0.012456947937607765,,,,,,
3,0.001,16,3,0.020021218806505203,0.012456947937607765,,,,,,
3,0.001,16,3,0.020148489624261856,0.012456947937607765,,,,,,
3,0.001,16,3,0.026249637827277184,0.012456947937607765,,,,,,
3,0.001,16,3,0.0029512892942875624,0.012456947937607765,,,,,,
3,0.001,16,3,0.0013479320332407951,0.012456947937607765,,,,,,
3,0.001,16,3,0.004226765129715204,0.012456947937607765,,,,,,
3,0.001,16,3,0.008279803209006786,0.012456947937607765,,,,,,
3,0.001,16,3,0.0034282137639820576,0.012456947937607765,,,,,,
3,0.001,16,3,0.005335385911166668,0.012456947937607765,,,,,,
3,0.001,16,3,0.014274923130869865,0.012456947937607765,,,,,,
3,0.001,16,3,0.011979347094893456,0.012456947937607765,,,,,,
3,0.001,16,3,0.016619045287370682,0.012456947937607765,,,,,,
3,0.001,16,3,0.020623551681637764,0.012456947937607765,,,,,,
3,0.001,16,3,0.010824388824403286,0.012456947937607765,,,,,,
3,0.001,16,3,0.013209456577897072,0.012456947937607765,,,,,,
3,0.001,16,3,0.028210768476128578,0.012456947937607765,,,,,,
3,0.001,16,3,0.039014194160699844,0.012456947937607765,,,,,,
3,0.001,16,3,0.01451370120048523,0.012456947937607765,,,,,,
3,0.001,16,3,0.018105538561940193,0.012456947937607765,,,,,,
3,0.001,16,3,0.07650040090084076,0.012456947937607765,,,,,,
3,0.001,16,3,0.021505743265151978,0.012456947937607765,,,,,,
3,0.001,16,3,0.027799291536211967,0.012456947937607765,,,,,,
3,0.001,16,3,0.0246290136128664,0.012456947937607765,,,,,,
3,0.001,16,3,0.012807068414986134,0.012456947937607765,,,,,,
3,0.001,16,3,0.006658952217549086,0.012456947937607765,,,,,,
3,0.001,16,3,0.0079887630417943,0.012456947937607765,,,,,,
3,0.001,16,3,0.025961194187402725,0.012456947937607765,,,,,,
3,0.001,16,3,0.00429664459079504,0.012456947937607765,,,,,,
3,0.001,16,3,0.015269081108272076,0.012456947937607765,,,,,,
3,0.001,16,3,0.021681172773241997,0.012456947937607765,,,,,,
3,0.001,16,3,0.12910662591457367,0.012456947937607765,,,,,,
3,0.001,16,3,0.12156188488006592,0.012456947937607765,,,,,,
3,0.001,16,3,0.08174264430999756,0.012456947937607765,,,,,,
3,0.001,16,3,0.3221778869628906,0.012456947937607765,,,,,,
3,0.001,16,3,0.15562884509563446,0.012456947937607765,,,,,,
3,0.001,16,3,0.4039364755153656,0.012456947937607765,,,,,,
3,0.001,16,3,0.7150483131408691,0.012456947937607765,,,,,,
3,0.001,16,3,0.4978286921977997,0.012456947937607765,,,,,,
3,0.001,16,3,0.12480522692203522,0.012456947937607765,,,,,,
3,0.001,16,3,3.564660073607229e-05,0.012456947937607765,,,,,,
3,0.001,16,3,2.7162532205693424e-05,0.012456947937607765,,,,,,
3,0.001,16,3,4.04910824727267e-05,0.012456947937607765,,,,,,
3,0.001,16,3,3.82388498110231e-05,0.012456947937607765,,,,,,
3,0.001,16,3,4.673688090406358e-05,0.012456947937607765,,,,,,
3,0.001,16,3,4.29656938649714e-05,0.012456947937607765,,,,,,
3,0.001,16,3,4.584524504025467e-05,0.012456947937607765,,,,,,
3,0.001,16,3,4.275668834452517e-05,0.012456947937607765,,,,,,
3,0.001,16,3,2.9849872589693405e-05,0.012456947937607765,,,,,,
3,0.001,16,3,3.9636077417526394e-05,0.012456947937607765,,,,,,
3,0.001,16,3,4.664273728849366e-05,0.012456947937607765,,,,,,
3,0.001,16,3,3.9012313209241256e-05,0.012456947937607765,,,,,,
3,0.001,16,3,2.7472666261019185e-05,0.012456947937607765,,,,,,
3,0.001,16,3,4.8508529289392754e-05,0.012456947937607765,,,,,,
3,0.001,16,3,3.523921259329654e-05,0.012456947937607765,,,,,,
3,0.001,16,3,3.183333683409728e-05,0.012456947937607765,,,,,,
3,0.001,16,3,2.9358941901591606e-05,0.012456947937607765,,,,,,
3,0.001,16,3,3.432356970733963e-05,0.012456947937607765,,,,,,
3,0.001,16,3,2.9835728128091432e-05,0.012456947937607765,,,,,,
3,0.001,16,3,2.2751197320758365e-05,0.012456947937607765,,,,,,
3,0.001,16,3,4.6712586481589824e-05,0.012456947937607765,,,,,,
3,0.001,16,3,0.3729420304298401,0.012456947937607765,,,,,,
3,0.001,16,3,0.49802365899086,0.012456947937607765,,,,,,
3,0.001,16,3,3.596013630158268e-05,0.012456947937607765,,,,,,
3,0.001,16,3,2.8492146157077514e-05,0.012456947937607765,,,,,,
3,0.001,16,3,3.0154857086017728e-05,0.012456947937607765,,,,,,
3,0.001,16,3,0.31071677803993225,0.012456947937607765,,,,,,
3,0.001,16,3,0.652616560459137,0.012456947937607765,,,,,,
3,0.001,16,3,0.3939700722694397,0.012456947937607765,,,,,,
3,0.001,16,3,0.06080308184027672,0.012456947937607765,,,,,,
3,0.001,16,3,0.019115105271339417,0.012456947937607765,,,,,,
3,0.001,16,3,0.05849108844995499,0.012456947937607765,,,,,,
3,0.001,16,3,0.040231917053461075,0.012456947937607765,,,,,,
3,0.001,16,3,0.040231917053461075,0.012412386946380138,,,,,,
4,0.001,16,4,0.046699706465005875,0.012412386946380138,,,,,,
4,0.001,16,4,0.062348298728466034,0.012412386946380138,,,,,,
4,0.001,16,4,0.013260500505566597,0.012412386946380138,,,,,,
4,0.001,16,4,0.03231629356741905,0.012412386946380138,,,,,,
4,0.001,16,4,0.0028273810166865587,0.012412386946380138,,,,,,
4,0.001,16,4,0.0013410616666078568,0.012412386946380138,,,,,,
4,0.001,16,4,0.002447249600663781,0.012412386946380138,,,,,,
4,0.001,16,4,0.002475559711456299,0.012412386946380138,,,,,,
4,0.001,16,4,0.004189129453152418,0.012412386946380138,,,,,,
4,0.001,16,4,0.0046762702986598015,0.012412386946380138,,,,,,
4,0.001,16,4,0.011875917203724384,0.012412386946380138,,,,,,
4,0.001,16,4,0.005520906765013933,0.012412386946380138,,,,,,
4,0.001,16,4,0.046139270067214966,0.012412386946380138,,,,,,
4,0.001,16,4,0.06269349902868271,0.012412386946380138,,,,,,
4,0.001,16,4,0.09216760098934174,0.012412386946380138,,,,,,
4,0.001,16,4,0.06294305622577667,0.012412386946380138,,,,,,
4,0.001,16,4,0.030298972502350807,0.012412386946380138,,,,,,
4,0.001,16,4,0.1181945726275444,0.012412386946380138,,,,,,
4,0.001,16,4,0.12745355069637299,0.012412386946380138,,,,,,
4,0.001,16,4,0.586580753326416,0.012412386946380138,,,,,,
4,0.001,16,4,0.09876725822687149,0.012412386946380138,,,,,,
4,0.001,16,4,0.0214264877140522,0.012412386946380138,,,,,,
4,0.001,16,4,0.05117085203528404,0.012412386946380138,,,,,,
4,0.001,16,4,0.020112086087465286,0.012412386946380138,,,,,,
4,0.001,16,4,0.01968986913561821,0.012412386946380138,,,,,,
4,0.001,16,4,0.01995675265789032,0.012412386946380138,,,,,,
4,0.001,16,4,0.02608608268201351,0.012412386946380138,,,,,,
4,0.001,16,4,0.0035979952663183212,0.012412386946380138,,,,,,
4,0.001,16,4,0.0015669571002945304,0.012412386946380138,,,,,,
4,0.001,16,4,0.00374294794164598,0.012412386946380138,,,,,,
4,0.001,16,4,0.007364767603576183,0.012412386946380138,,,,,,
4,0.001,16,4,0.0034031711984425783,0.012412386946380138,,,,,,
4,0.001,16,4,0.0049226912669837475,0.012412386946380138,,,,,,
4,0.001,16,4,0.013530385680496693,0.012412386946380138,,,,,,
4,0.001,16,4,0.011600279249250889,0.012412386946380138,,,,,,
4,0.001,16,4,0.015936732292175293,0.012412386946380138,,,,,,
4,0.001,16,4,0.01988614723086357,0.012412386946380138,,,,,,
4,0.001,16,4,0.010845495387911797,0.012412386946380138,,,,,,
4,0.001,16,4,0.0137235252186656,0.012412386946380138,,,,,,
4,0.001,16,4,0.02899731881916523,0.012412386946380138,,,,,,
4,0.001,16,4,0.03865624591708183,0.012412386946380138,,,,,,
4,0.001,16,4,0.01475881040096283,0.012412386946380138,,,,,,
4,0.001,16,4,0.018283862620592117,0.012412386946380138,,,,,,
4,0.001,16,4,0.0755404680967331,0.012412386946380138,,,,,,
4,0.001,16,4,0.021594272926449776,0.012412386946380138,,,,,,
4,0.001,16,4,0.0265546552836895,0.012412386946380138,,,,,,
4,0.001,16,4,0.023192111402750015,0.012412386946380138,,,,,,
4,0.001,16,4,0.011631551198661327,0.012412386946380138,,,,,,
4,0.001,16,4,0.006913234479725361,0.012412386946380138,,,,,,
4,0.001,16,4,0.00796994287520647,0.012412386946380138,,,,,,
4,0.001,16,4,0.023964622989296913,0.012412386946380138,,,,,,
4,0.001,16,4,0.004692946095019579,0.012412386946380138,,,,,,
4,0.001,16,4,0.014515080489218235,0.012412386946380138,,,,,,
4,0.001,16,4,0.02235322818160057,0.012412386946380138,,,,,,
4,0.001,16,4,0.12700136005878448,0.012412386946380138,,,,,,
4,0.001,16,4,0.11789987236261368,0.012412386946380138,,,,,,
4,0.001,16,4,0.07916833460330963,0.012412386946380138,,,,,,
4,0.001,16,4,0.3222975432872772,0.012412386946380138,,,,,,
4,0.001,16,4,0.15439178049564362,0.012412386946380138,,,,,,
4,0.001,16,4,0.4075455069541931,0.012412386946380138,,,,,,
4,0.001,16,4,0.7141479253768921,0.012412386946380138,,,,,,
4,0.001,16,4,0.4965341091156006,0.012412386946380138,,,,,,
4,0.001,16,4,0.12339217215776443,0.012412386946380138,,,,,,
4,0.001,16,4,0.00013573169417213649,0.012412386946380138,,,,,,
4,0.001,16,4,0.0001554059999762103,0.012412386946380138,,,,,,
4,0.001,16,4,0.0001361871836706996,0.012412386946380138,,,,,,
4,0.001,16,4,0.00013807648792862892,0.012412386946380138,,,,,,
4,0.001,16,4,0.00011626032210187986,0.012412386946380138,,,,,,
4,0.001,16,4,9.57042066147551e-05,0.012412386946380138,,,,,,
4,0.001,16,4,9.053772373590618e-05,0.012412386946380138,,,,,,
4,0.001,16,4,6.52132075629197e-05,0.012412386946380138,,,,,,
4,0.001,16,4,7.050863496260718e-05,0.012412386946380138,,,,,,
4,0.001,16,4,7.598334195790812e-05,0.012412386946380138,,,,,,
4,0.001,16,4,5.372874511522241e-05,0.012412386946380138,,,,,,
4,0.001,16,4,5.699865869246423e-05,0.012412386946380138,,,,,,
4,0.001,16,4,3.94086710002739e-05,0.012412386946380138,,,,,,
4,0.001,16,4,3.7089641409693286e-05,0.012412386946380138,,,,,,
4,0.001,16,4,4.587227522279136e-05,0.012412386946380138,,,,,,
4,0.001,16,4,3.673614264698699e-05,0.012412386946380138,,,,,,
4,0.001,16,4,4.192558117210865e-05,0.012412386946380138,,,,,,
4,0.001,16,4,4.559018270811066e-05,0.012412386946380138,,,,,,
4,0.001,16,4,5.289207547320984e-05,0.012412386946380138,,,,,,
4,0.001,16,4,3.476818892522715e-05,0.012412386946380138,,,,,,
4,0.001,16,4,2.3770666302880272e-05,0.012412386946380138,,,,,,
4,0.001,16,4,0.3714534342288971,0.012412386946380138,,,,,,
4,0.001,16,4,0.49742159247398376,0.012412386946380138,,,,,,
4,0.001,16,4,5.516062810784206e-05,0.012412386946380138,,,,,,
4,0.001,16,4,4.07840489060618e-05,0.012412386946380138,,,,,,
4,0.001,16,4,4.502704905462451e-05,0.012412386946380138,,,,,,
4,0.001,16,4,0.3105606138706207,0.012412386946380138,,,,,,
4,0.001,16,4,0.6527400016784668,0.012412386946380138,,,,,,
4,0.001,16,4,0.3931152820587158,0.012412386946380138,,,,,,
4,0.001,16,4,0.06075483560562134,0.012412386946380138,,,,,,
4,0.001,16,4,0.019578514620661736,0.012412386946380138,,,,,,
4,0.001,16,4,0.05811632424592972,0.012412386946380138,,,,,,
4,0.001,16,4,0.040167052298784256,0.012412386946380138,,,,,,
4,0.001,16,4,0.040167052298784256,0.013346417807042599,,,,,,
5,0.001,16,5,0.04726159945130348,0.013346417807042599,,,,,,
5,0.001,16,5,0.06247425824403763,0.013346417807042599,,,,,,
5,0.001,16,5,0.013629931025207043,0.013346417807042599,,,,,,
5,0.001,16,5,0.0326395146548748,0.013346417807042599,,,,,,
5,0.001,16,5,0.0034845657646656036,0.013346417807042599,,,,,,
5,0.001,16,5,0.003959895111620426,0.013346417807042599,,,,,,
5,0.001,16,5,0.003711867844685912,0.013346417807042599,,,,,,
5,0.001,16,5,0.0028585237450897694,0.013346417807042599,,,,,,
5,0.001,16,5,0.0038221399299800396,0.013346417807042599,,,,,,
5,0.001,16,5,0.004535395186394453,0.013346417807042599,,,,,,
5,0.001,16,5,0.009183446876704693,0.013346417807042599,,,,,,
5,0.001,16,5,0.005166930612176657,0.013346417807042599,,,,,,
5,0.001,16,5,0.04194450005888939,0.013346417807042599,,,,,,
5,0.001,16,5,0.06275361031293869,0.013346417807042599,,,,,,
5,0.001,16,5,0.09213529527187347,0.013346417807042599,,,,,,
5,0.001,16,5,0.0648341104388237,0.013346417807042599,,,,,,
5,0.001,16,5,0.030498294159770012,0.013346417807042599,,,,,,
5,0.001,16,5,0.11767421662807465,0.013346417807042599,,,,,,
5,0.001,16,5,0.12703551352024078,0.013346417807042599,,,,,,
5,0.001,16,5,0.5882745385169983,0.013346417807042599,,,,,,
5,0.001,16,5,0.09706144779920578,0.013346417807042599,,,,,,
5,0.001,16,5,0.021296795457601547,0.013346417807042599,,,,,,
5,0.001,16,5,0.049716923385858536,0.013346417807042599,,,,,,
5,0.001,16,5,0.020009836181998253,0.013346417807042599,,,,,,
5,0.001,16,5,0.01883229799568653,0.013346417807042599,,,,,,
5,0.001,16,5,0.018605927005410194,0.013346417807042599,,,,,,
5,0.001,16,5,0.02411847934126854,0.013346417807042599,,,,,,
5,0.001,16,5,0.004325357265770435,0.013346417807042599,,,,,,
5,0.001,16,5,0.001840268145315349,0.013346417807042599,,,,,,
5,0.001,16,5,0.003161128144711256,0.013346417807042599,,,,,,
5,0.001,16,5,0.0064427731558680534,0.013346417807042599,,,,,,
5,0.001,16,5,0.0033213470596820116,0.013346417807042599,,,,,,
5,0.001,16,5,0.004523173440247774,0.013346417807042599,,,,,,
5,0.001,16,5,0.012904183939099312,0.013346417807042599,,,,,,
5,0.001,16,5,0.011848143301904202,0.013346417807042599,,,,,,
5,0.001,16,5,0.015011154115200043,0.013346417807042599,,,,,,
5,0.001,16,5,0.018564404919743538,0.013346417807042599,,,,,,
5,0.001,16,5,0.011365069076418877,0.013346417807042599,,,,,,
5,0.001,16,5,0.013949590735137463,0.013346417807042599,,,,,,
5,0.001,16,5,0.030450955033302307,0.013346417807042599,,,,,,
5,0.001,16,5,0.038905948400497437,0.013346417807042599,,,,,,
5,0.001,16,5,0.015430216677486897,0.013346417807042599,,,,,,
5,0.001,16,5,0.01898149773478508,0.013346417807042599,,,,,,
5,0.001,16,5,0.07547537237405777,0.013346417807042599,,,,,,
5,0.001,16,5,0.02162397839128971,0.013346417807042599,,,,,,
5,0.001,16,5,0.025251293554902077,0.013346417807042599,,,,,,
5,0.001,16,5,0.021090548485517502,0.013346417807042599,,,,,,
5,0.001,16,5,0.010435433126986027,0.013346417807042599,,,,,,
5,0.001,16,5,0.00781055586412549,0.013346417807042599,,,,,,
5,0.001,16,5,0.008046372793614864,0.013346417807042599,,,,,,
5,0.001,16,5,0.02229287661612034,0.013346417807042599,,,,,,
5,0.001,16,5,0.005064087919890881,0.013346417807042599,,,,,,
5,0.001,16,5,0.01415359415113926,0.013346417807042599,,,,,,
5,0.001,16,5,0.02343483455479145,0.013346417807042599,,,,,,
5,0.001,16,5,0.12531861662864685,0.013346417807042599,,,,,,
5,0.001,16,5,0.11618436127901077,0.013346417807042599,,,,,,
5,0.001,16,5,0.07908819615840912,0.013346417807042599,,,,,,
5,0.001,16,5,0.31999990344047546,0.013346417807042599,,,,,,
5,0.001,16,5,0.15321576595306396,0.013346417807042599,,,,,,
5,0.001,16,5,0.4107450842857361,0.013346417807042599,,,,,,
5,0.001,16,5,0.7135573625564575,0.013346417807042599,,,,,,
5,0.001,16,5,0.49727216362953186,0.013346417807042599,,,,,,
5,0.001,16,5,0.12333748489618301,0.013346417807042599,,,,,,
5,0.001,16,5,0.00043685492710210383,0.013346417807042599,,,,,,
5,0.001,16,5,0.00043657663627527654,0.013346417807042599,,,,,,
5,0.001,16,5,0.00040011346573010087,0.013346417807042599,,,,,,
5,0.001,16,5,0.00034068318200297654,0.013346417807042599,,,,,,
5,0.001,16,5,0.0003427044430281967,0.013346417807042599,,,,,,
5,0.001,16,5,0.0002508671605028212,0.013346417807042599,,,,,,
5,0.001,16,5,0.0002692961716093123,0.013346417807042599,,,,,,
5,0.001,16,5,0.0001970550511032343,0.013346417807042599,,,,,,
5,0.001,16,5,0.00017369519628118724,0.013346417807042599,,,,,,
5,0.001,16,5,0.0001467059919377789,0.013346417807042599,,,,,,
5,0.001,16,5,0.0001247080508619547,0.013346417807042599,,,,,,
5,0.001,16,5,9.830382623476908e-05,0.013346417807042599,,,,,,
5,0.001,16,5,9.902737656375393e-05,0.013346417807042599,,,,,,
5,0.001,16,5,8.836468623485416e-05,0.013346417807042599,,,,,,
5,0.001,16,5,5.7948163885157555e-05,0.013346417807042599,,,,,,
5,0.001,16,5,5.778370177722536e-05,0.013346417807042599,,,,,,
5,0.001,16,5,4.8110843636095524e-05,0.013346417807042599,,,,,,
5,0.001,16,5,4.429160981089808e-05,0.013346417807042599,,,,,,
5,0.001,16,5,4.514653846854344e-05,0.013346417807042599,,,,,,
5,0.001,16,5,3.745737922145054e-05,0.013346417807042599,,,,,,
5,0.001,16,5,5.858400254510343e-05,0.013346417807042599,,,,,,
5,0.001,16,5,0.37289515137672424,0.013346417807042599,,,,,,
5,0.001,16,5,0.49828726053237915,0.013346417807042599,,,,,,
5,0.001,16,5,4.5034488721285015e-05,0.013346417807042599,,,,,,
5,0.001,16,5,5.196474739932455e-05,0.013346417807042599,,,,,,
5,0.001,16,5,4.077523044543341e-05,0.013346417807042599,,,,,,
5,0.001,16,5,0.30972811579704285,0.013346417807042599,,,,,,
5,0.001,16,5,0.6538301706314087,0.013346417807042599,,,,,,
5,0.001,16,5,0.3928403854370117,0.013346417807042599,,,,,,
5,0.001,16,5,0.06090567633509636,0.013346417807042599,,,,,,
5,0.001,16,5,0.019536705687642097,0.013346417807042599,,,,,,
5,0.001,16,5,0.05838578939437866,0.013346417807042599,,,,,,
5,0.001,16,5,0.040359802544116974,0.013346417807042599,,,,,,
5,0.001,16,5,0.040359802544116974,0.013657654635608196,,,,,,
6,0.001,16,6,0.04709124565124512,0.013657654635608196,,,,,,
6,0.001,16,6,0.06262484937906265,0.013657654635608196,,,,,,
6,0.001,16,6,0.013330048881471157,0.013657654635608196,,,,,,
6,0.001,16,6,0.03279746323823929,0.013657654635608196,,,,,,
6,0.001,16,6,0.0037637860514223576,0.013657654635608196,,,,,,
6,0.001,16,6,0.004995417315512896,0.013657654635608196,,,,,,
6,0.001,16,6,0.004608782473951578,0.013657654635608196,,,,,,
6,0.001,16,6,0.0028857046272605658,0.013657654635608196,,,,,,
6,0.001,16,6,0.003640944603830576,0.013657654635608196,,,,,,
6,0.001,16,6,0.004399011842906475,0.013657654635608196,,,,,,
6,0.001,16,6,0.0076971291564404964,0.013657654635608196,,,,,,
6,0.001,16,6,0.005031581502407789,0.013657654635608196,,,,,,
6,0.001,16,6,0.03990712761878967,0.013657654635608196,,,,,,
6,0.001,16,6,0.06093902140855789,0.013657654635608196,,,,,,
6,0.001,16,6,0.09261210262775421,0.013657654635608196,,,,,,
6,0.001,16,6,0.06520086526870728,0.013657654635608196,,,,,,
6,0.001,16,6,0.0307540912181139,0.013657654635608196,,,,,,
6,0.001,16,6,0.11669976264238358,0.013657654635608196,,,,,,
6,0.001,16,6,0.12749946117401123,0.013657654635608196,,,,,,
6,0.001,16,6,0.5900610089302063,0.013657654635608196,,,,,,
6,0.001,16,6,0.09690673649311066,0.013657654635608196,,,,,,
6,0.001,16,6,0.02087417244911194,0.013657654635608196,,,,,,
6,0.001,16,6,0.049227625131607056,0.013657654635608196,,,,,,
6,0.001,16,6,0.019731666892766953,0.013657654635608196,,,,,,
6,0.001,16,6,0.01851831190288067,0.013657654635608196,,,,,,
6,0.001,16,6,0.01788325421512127,0.013657654635608196,,,,,,
6,0.001,16,6,0.022709432989358902,0.013657654635608196,,,,,,
6,0.001,16,6,0.004579591099172831,0.013657654635608196,,,,,,
6,0.001,16,6,0.0023070683237165213,0.013657654635608196,,,,,,
6,0.001,16,6,0.0029970656614750624,0.013657654635608196,,,,,,
6,0.001,16,6,0.00588193628937006,0.013657654635608196,,,,,,
6,0.001,16,6,0.003336748806759715,0.013657654635608196,,,,,,
6,0.001,16,6,0.0045134746469557285,0.013657654635608196,,,,,,
6,0.001,16,6,0.012092315591871738,0.013657654635608196,,,,,,
6,0.001,16,6,0.011592571623623371,0.013657654635608196,,,,,,
6,0.001,16,6,0.014935148879885674,0.013657654635608196,,,,,,
6,0.001,16,6,0.01842760667204857,0.013657654635608196,,,,,,
6,0.001,16,6,0.011586437001824379,0.013657654635608196,,,,,,
6,0.001,16,6,0.014313040301203728,0.013657654635608196,,,,,,
6,0.001,16,6,0.03118855692446232,0.013657654635608196,,,,,,
6,0.001,16,6,0.03901662304997444,0.013657654635608196,,,,,,
6,0.001,16,6,0.015697704628109932,0.013657654635608196,,,,,,
6,0.001,16,6,0.019099848344922066,0.013657654635608196,,,,,,
6,0.001,16,6,0.07449869066476822,0.013657654635608196,,,,,,
6,0.001,16,6,0.02207784540951252,0.013657654635608196,,,,,,
6,0.001,16,6,0.02473367564380169,0.013657654635608196,,,,,,
6,0.001,16,6,0.020048407837748528,0.013657654635608196,,,,,,
6,0.001,16,6,0.00964291300624609,0.013657654635608196,,,,,,
6,0.001,16,6,0.007354198954999447,0.013657654635608196,,,,,,
6,0.001,16,6,0.008515697903931141,0.013657654635608196,,,,,,
6,0.001,16,6,0.02221660502254963,0.013657654635608196,,,,,,
6,0.001,16,6,0.0051565212197601795,0.013657654635608196,,,,,,
6,0.001,16,6,0.013871153816580772,0.013657654635608196,,,,,,
6,0.001,16,6,0.024062970653176308,0.013657654635608196,,,,,,
6,0.001,16,6,0.12496518343687057,0.013657654635608196,,,,,,
6,0.001,16,6,0.11509114503860474,0.013657654635608196,,,,,,
6,0.001,16,6,0.07798773795366287,0.013657654635608196,,,,,,
6,0.001,16,6,0.3189027011394501,0.013657654635608196,,,,,,
6,0.001,16,6,0.15317797660827637,0.013657654635608196,,,,,,
6,0.001,16,6,0.4114759564399719,0.013657654635608196,,,,,,
6,0.001,16,6,0.7129409909248352,0.013657654635608196,,,,,,
6,0.001,16,6,0.4969669282436371,0.013657654635608196,,,,,,
6,0.001,16,6,0.12251173704862595,0.013657654635608196,,,,,,
6,0.001,16,6,0.000563297769986093,0.013657654635608196,,,,,,
6,0.001,16,6,0.000495593121740967,0.013657654635608196,,,,,,
6,0.001,16,6,0.0004026257083751261,0.013657654635608196,,,,,,
6,0.001,16,6,0.00040624398388899863,0.013657654635608196,,,,,,
6,0.001,16,6,0.00040346261812373996,0.013657654635608196,,,,,,
6,0.001,16,6,0.0003708908043336123,0.013657654635608196,,,,,,
6,0.001,16,6,0.00033293801243416965,0.013657654635608196,,,,,,
6,0.001,16,6,0.0002987321640830487,0.013657654635608196,,,,,,
6,0.001,16,6,0.0002509975165594369,0.013657654635608196,,,,,,
6,0.001,16,6,0.00020684140326920897,0.013657654635608196,,,,,,
6,0.001,16,6,0.0001703127200016752,0.013657654635608196,,,,,,
6,0.001,16,6,0.00017086815205402672,0.013657654635608196,,,,,,
6,0.001,16,6,0.00012115239223930985,0.013657654635608196,,,,,,
6,0.001,16,6,0.00011186931806150824,0.013657654635608196,,,,,,
6,0.001,16,6,8.609979704488069e-05,0.013657654635608196,,,,,,
6,0.001,16,6,7.168925367295742e-05,0.013657654635608196,,,,,,
6,0.001,16,6,5.386751581681892e-05,0.013657654635608196,,,,,,
6,0.001,16,6,5.509116454049945e-05,0.013657654635608196,,,,,,
6,0.001,16,6,3.8100995880085975e-05,0.013657654635608196,,,,,,
6,0.001,16,6,3.412867590668611e-05,0.013657654635608196,,,,,,
6,0.001,16,6,4.705916944658384e-05,0.013657654635608196,,,,,,
6,0.001,16,6,0.37332218885421753,0.013657654635608196,,,,,,
6,0.001,16,6,0.4983370006084442,0.013657654635608196,,,,,,
6,0.001,16,6,4.753259781864472e-05,0.013657654635608196,,,,,,
6,0.001,16,6,2.7441772544989362e-05,0.013657654635608196,,,,,,
6,0.001,16,6,4.4528649596031755e-05,0.013657654635608196,,,,,,
6,0.001,16,6,0.3100508749485016,0.013657654635608196,,,,,,
6,0.001,16,6,0.6535487174987793,0.013657654635608196,,,,,,
6,0.001,16,6,0.3925730884075165,0.013657654635608196,,,,,,
6,0.001,16,6,0.06075950339436531,0.013657654635608196,,,,,,
6,0.001,16,6,0.019854145124554634,0.013657654635608196,,,,,,
6,0.001,16,6,0.05841761827468872,0.013657654635608196,,,,,,
6,0.001,16,6,0.040128499269485474,0.013657654635608196,,,,,,
6,0.001,16,6,0.040128499269485474,0.014038437977433205,,,,,,
7,0.001,16,7,0.04679681733250618,0.014038437977433205,,,,,,
7,0.001,16,7,0.06267163902521133,0.014038437977433205,,,,,,
7,0.001,16,7,0.013627113774418831,0.014038437977433205,,,,,,
7,0.001,16,7,0.032419975847005844,0.014038437977433205,,,,,,
7,0.001,16,7,0.004248145502060652,0.014038437977433205,,,,,,
7,0.001,16,7,0.005799624137580395,0.014038437977433205,,,,,,
7,0.001,16,7,0.004600263200700283,0.014038437977433205,,,,,,
7,0.001,16,7,0.0030917071271687746,0.014038437977433205,,,,,,
7,0.001,16,7,0.0038858004845678806,0.014038437977433205,,,,,,
7,0.001,16,7,0.00472641596570611,0.014038437977433205,,,,,,
7,0.001,16,7,0.006739338394254446,0.014038437977433205,,,,,,
7,0.001,16,7,0.0054570031352341175,0.014038437977433205,,,,,,
7,0.001,16,7,0.03905962035059929,0.014038437977433205,,,,,,
7,0.001,16,7,0.05941416695713997,0.014038437977433205,,,,,,
7,0.001,16,7,0.09297206252813339,0.014038437977433205,,,,,,
7,0.001,16,7,0.06475282460451126,0.014038437977433205,,,,,,
7,0.001,16,7,0.030361216515302658,0.014038437977433205,,,,,,
7,0.001,16,7,0.11679224669933319,0.014038437977433205,,,,,,
7,0.001,16,7,0.12720002233982086,0.014038437977433205,,,,,,
7,0.001,16,7,0.5894884467124939,0.014038437977433205,,,,,,
7,0.001,16,7,0.09689532220363617,0.014038437977433205,,,,,,
7,0.001,16,7,0.02104097045958042,0.014038437977433205,,,,,,
7,0.001,16,7,0.04871385544538498,0.014038437977433205,,,,,,
7,0.001,16,7,0.01953848823904991,0.014038437977433205,,,,,,
7,0.001,16,7,0.01845492795109749,0.014038437977433205,,,,,,
7,0.001,16,7,0.01928315870463848,0.014038437977433205,,,,,,
7,0.001,16,7,0.024073319509625435,0.014038437977433205,,,,,,
7,0.001,16,7,0.0051846494898200035,0.014038437977433205,,,,,,
7,0.001,16,7,0.0023069733288139105,0.014038437977433205,,,,,,
7,0.001,16,7,0.0028084819205105305,0.014038437977433205,,,,,,
7,0.001,16,7,0.005476280581206083,0.014038437977433205,,,,,,
7,0.001,16,7,0.003217293182387948,0.014038437977433205,,,,,,
7,0.001,16,7,0.004412746522575617,0.014038437977433205,,,,,,
7,0.001,16,7,0.012047724798321724,0.014038437977433205,,,,,,
7,0.001,16,7,0.01170394103974104,0.014038437977433205,,,,,,
7,0.001,16,7,0.015144399367272854,0.014038437977433205,,,,,,
7,0.001,16,7,0.018536927178502083,0.014038437977433205,,,,,,
7,0.001,16,7,0.011366416700184345,0.014038437977433205,,,,,,
7,0.001,16,7,0.014408320188522339,0.014038437977433205,,,,,,
7,0.001,16,7,0.03165045753121376,0.014038437977433205,,,,,,
7,0.001,16,7,0.03916659206151962,0.014038437977433205,,,,,,
7,0.001,16,7,0.015598841942846775,0.014038437977433205,,,,,,
7,0.001,16,7,0.019491717219352722,0.014038437977433205,,,,,,
7,0.001,16,7,0.07493375241756439,0.014038437977433205,,,,,,
7,0.001,16,7,0.021885843947529793,0.014038437977433205,,,,,,
7,0.001,16,7,0.024315375834703445,0.014038437977433205,,,,,,
7,0.001,16,7,0.019654406234622,0.014038437977433205,,,,,,
7,0.001,16,7,0.009080292657017708,0.014038437977433205,,,,,,
7,0.001,16,7,0.007363033946603537,0.014038437977433205,,,,,,
7,0.001,16,7,0.008117922581732273,0.014038437977433205,,,,,,
7,0.001,16,7,0.021688852459192276,0.014038437977433205,,,,,,
7,0.001,16,7,0.004900477826595306,0.014038437977433205,,,,,,
7,0.001,16,7,0.013822902925312519,0.014038437977433205,,,,,,
7,0.001,16,7,0.023518307134509087,0.014038437977433205,,,,,,
7,0.001,16,7,0.12502433359622955,0.014038437977433205,,,,,,
7,0.001,16,7,0.11502537876367569,0.014038437977433205,,,,,,
7,0.001,16,7,0.07736527174711227,0.014038437977433205,,,,,,
7,0.001,16,7,0.3193052113056183,0.014038437977433205,,,,,,
7,0.001,16,7,0.1524980217218399,0.014038437977433205,,,,,,
7,0.001,16,7,0.4133348762989044,0.014038437977433205,,,,,,
7,0.001,16,7,0.7124060392379761,0.014038437977433205,,,,,,
7,0.001,16,7,0.495677649974823,0.014038437977433205,,,,,,
7,0.001,16,7,0.12253321707248688,0.014038437977433205,,,,,,
7,0.001,16,7,0.0005908497259952128,0.014038437977433205,,,,,,
7,0.001,16,7,0.0005276607116684318,0.014038437977433205,,,,,,
7,0.001,16,7,0.0005456721410155296,0.014038437977433205,,,,,,
7,0.001,16,7,0.0004685917519964278,0.014038437977433205,,,,,,
7,0.001,16,7,0.0004257020482327789,0.014038437977433205,,,,,,
7,0.001,16,7,0.000410377950174734,0.014038437977433205,,,,,,
7,0.001,16,7,0.0003519284655340016,0.014038437977433205,,,,,,
7,0.001,16,7,0.00030588399386033416,0.014038437977433205,,,,,,
7,0.001,16,7,0.00027794245397672057,0.014038437977433205,,,,,,
7,0.001,16,7,0.00024067933554761112,0.014038437977433205,,,,,,
7,0.001,16,7,0.0002481919073034078,0.014038437977433205,,,,,,
7,0.001,16,7,0.00017804339586291462,0.014038437977433205,,,,,,
7,0.001,16,7,0.00018840981647372246,0.014038437977433205,,,,,,
7,0.001,16,7,0.00013335350377019495,0.014038437977433205,,,,,,
7,0.001,16,7,0.000122612138511613,0.014038437977433205,,,,,,
7,0.001,16,7,9.347144805360585e-05,0.014038437977433205,,,,,,
7,0.001,16,7,8.396127668675035e-05,0.014038437977433205,,,,,,
7,0.001,16,7,6.979150202823803e-05,0.014038437977433205,,,,,,
7,0.001,16,7,6.140183540992439e-05,0.014038437977433205,,,,,,
7,0.001,16,7,5.688561577699147e-05,0.014038437977433205,,,,,,
7,0.001,16,7,5.012081965105608e-05,0.014038437977433205,,,,,,
7,0.001,16,7,0.3748546540737152,0.014038437977433205,,,,,,
7,0.001,16,7,0.49728330969810486,0.014038437977433205,,,,,,
7,0.001,16,7,3.328485763631761e-05,0.014038437977433205,,,,,,
7,0.001,16,7,3.6770314181922004e-05,0.014038437977433205,,,,,,
7,0.001,16,7,3.537974043865688e-05,0.014038437977433205,,,,,,
7,0.001,16,7,0.31004050374031067,0.014038437977433205,,,,,,
7,0.001,16,7,0.6525782942771912,0.014038437977433205,,,,,,
7,0.001,16,7,0.39356353878974915,0.014038437977433205,,,,,,
7,0.001,16,7,0.06064143404364586,0.014038437977433205,,,,,,
7,0.001,16,7,0.019476378336548805,0.014038437977433205,,,,,,
7,0.001,16,7,0.05829184502363205,0.014038437977433205,,,,,,
7,0.001,16,7,0.04022831469774246,0.014038437977433205,,,,,,
7,0.001,16,7,0.04022831469774246,0.014105809852480888,,,,,,
8,0.001,16,8,0.04688931256532669,0.014105809852480888,,,,,,
8,0.001,16,8,0.06264747679233551,0.014105809852480888,,,,,,
8,0.001,16,8,0.01348226796835661,0.014105809852480888,,,,,,
8,0.001,16,8,0.03282979503273964,0.014105809852480888,,,,,,
8,0.001,16,8,0.004588776268064976,0.014105809852480888,,,,,,
8,0.001,16,8,0.006135505624115467,0.014105809852480888,,,,,,
8,0.001,16,8,0.005161862820386887,0.014105809852480888,,,,,,
8,0.001,16,8,0.0034674580674618483,0.014105809852480888,,,,,,
8,0.001,16,8,0.0036331969313323498,0.014105809852480888,,,,,,
8,0.001,16,8,0.004765653051435947,0.014105809852480888,,,,,,
8,0.001,16,8,0.006895187310874462,0.014105809852480888,,,,,,
8,0.001,16,8,0.005178728140890598,0.014105809852480888,,,,,,
8,0.001,16,8,0.03848655894398689,0.014105809852480888,,,,,,
8,0.001,16,8,0.05894426256418228,0.014105809852480888,,,,,,
8,0.001,16,8,0.09287000447511673,0.014105809852480888,,,,,,
8,0.001,16,8,0.06481911987066269,0.014105809852480888,,,,,,
8,0.001,16,8,0.030750293284654617,0.014105809852480888,,,,,,
8,0.001,16,8,0.11687196046113968,0.014105809852480888,,,,,,
8,0.001,16,8,0.1272411048412323,0.014105809852480888,,,,,,
8,0.001,16,8,0.5887543559074402,0.014105809852480888,,,,,,
8,0.001,16,8,0.09682518988847733,0.014105809852480888,,,,,,
8,0.001,16,8,0.020636430010199547,0.014105809852480888,,,,,,
8,0.001,16,8,0.04861269146203995,0.014105809852480888,,,,,,
8,0.001,16,8,0.01956179551780224,0.014105809852480888,,,,,,
8,0.001,16,8,0.018374834209680557,0.014105809852480888,,,,,,
8,0.001,16,8,0.017822008579969406,0.014105809852480888,,,,,,
8,0.001,16,8,0.022402582690119743,0.014105809852480888,,,,,,
8,0.001,16,8,0.004939237143844366,0.014105809852480888,,,,,,
8,0.001,16,8,0.002413676818832755,0.014105809852480888,,,,,,
8,0.001,16,8,0.002963542938232422,0.014105809852480888,,,,,,
8,0.001,16,8,0.005550929810851812,0.014105809852480888,,,,,,
8,0.001,16,8,0.003319056238979101,0.014105809852480888,,,,,,
8,0.001,16,8,0.004278816748410463,0.014105809852480888,,,,,,
8,0.001,16,8,0.012006680481135845,0.014105809852480888,,,,,,
8,0.001,16,8,0.011582721956074238,0.014105809852480888,,,,,,
8,0.001,16,8,0.014170737937092781,0.014105809852480888,,,,,,
8,0.001,16,8,0.018202362582087517,0.014105809852480888,,,,,,
8,0.001,16,8,0.011729390360414982,0.014105809852480888,,,,,,
8,0.001,16,8,0.014546356163918972,0.014105809852480888,,,,,,
8,0.001,16,8,0.03143054619431496,0.014105809852480888,,,,,,
8,0.001,16,8,0.03906618803739548,0.014105809852480888,,,,,,
8,0.001,16,8,0.015658538788557053,0.014105809852480888,,,,,,
8,0.001,16,8,0.01939024031162262,0.014105809852480888,,,,,,
8,0.001,16,8,0.07452375441789627,0.014105809852480888,,,,,,
8,0.001,16,8,0.021518785506486893,0.014105809852480888,,,,,,
8,0.001,16,8,0.02418564260005951,0.014105809852480888,,,,,,
8,0.001,16,8,0.019403895363211632,0.014105809852480888,,,,,,
8,0.001,16,8,0.009151543490588665,0.014105809852480888,,,,,,
8,0.001,16,8,0.007048675324767828,0.014105809852480888,,,,,,
8,0.001,16,8,0.008197272196412086,0.014105809852480888,,,,,,
8,0.001,16,8,0.020736411213874817,0.014105809852480888,,,,,,
8,0.001,16,8,0.005103040486574173,0.014105809852480888,,,,,,
8,0.001,16,8,0.013911093585193157,0.014105809852480888,,,,,,
8,0.001,16,8,0.023622406646609306,0.014105809852480888,,,,,,
8,0.001,16,8,0.1251191794872284,0.014105809852480888,,,,,,
8,0.001,16,8,0.11498422920703888,0.014105809852480888,,,,,,
8,0.001,16,8,0.07747785747051239,0.014105809852480888,,,,,,
8,0.001,16,8,0.31918415427207947,0.014105809852480888,,,,,,
8,0.001,16,8,0.15235476195812225,0.014105809852480888,,,,,,
8,0.001,16,8,0.4131152033805847,0.014105809852480888,,,,,,
8,0.001,16,8,0.7134450674057007,0.014105809852480888,,,,,,
8,0.001,16,8,0.4974837899208069,0.014105809852480888,,,,,,
8,0.001,16,8,0.12238354235887527,0.014105809852480888,,,,,,
8,0.001,16,8,0.0006064134067855775,0.014105809852480888,,,,,,
8,0.001,16,8,0.0005919015966355801,0.014105809852480888,,,,,,
8,0.001,16,8,0.0005603417521342635,0.014105809852480888,,,,,,
8,0.001,16,8,0.0005007012514397502,0.014105809852480888,,,,,,
8,0.001,16,8,0.00045785834663547575,0.014105809852480888,,,,,,
8,0.001,16,8,0.0004137457290198654,0.014105809852480888,,,,,,
8,0.001,16,8,0.00039277574978768826,0.014105809852480888,,,,,,
8,0.001,16,8,0.00036406933213584125,0.014105809852480888,,,,,,
8,0.001,16,8,0.00029927544528618455,0.014105809852480888,,,,,,
8,0.001,16,8,0.0002585638430900872,0.014105809852480888,,,,,,
8,0.001,16,8,0.0002379931102041155,0.014105809852480888,,,,,,
8,0.001,16,8,0.00020259377197362483,0.014105809852480888,,,,,,
8,0.001,16,8,0.00018249811546411365,0.014105809852480888,,,,,,
8,0.001,16,8,0.00017613763338886201,0.014105809852480888,,,,,,
8,0.001,16,8,0.00013986605335958302,0.014105809852480888,,,,,,
8,0.001,16,8,9.633404988562688e-05,0.014105809852480888,,,,,,
8,0.001,16,8,9.634638990974054e-05,0.014105809852480888,,,,,,
8,0.001,16,8,7.264230225700885e-05,0.014105809852480888,,,,,,
8,0.001,16,8,6.323267007246614e-05,0.014105809852480888,,,,,,
8,0.001,16,8,5.2712104661623016e-05,0.014105809852480888,,,,,,
8,0.001,16,8,5.246326691121794e-05,0.014105809852480888,,,,,,
8,0.001,16,8,0.374411404132843,0.014105809852480888,,,,,,
8,0.001,16,8,0.49733492732048035,0.014105809852480888,,,,,,
8,0.001,16,8,3.339411341585219e-05,0.014105809852480888,,,,,,
8,0.001,16,8,3.27510351780802e-05,0.014105809852480888,,,,,,
8,0.001,16,8,3.241179001634009e-05,0.014105809852480888,,,,,,
8,0.001,16,8,0.31032902002334595,0.014105809852480888,,,,,,
8,0.001,16,8,0.6533212661743164,0.014105809852480888,,,,,,
8,0.001,16,8,0.39360734820365906,0.014105809852480888,,,,,,
8,0.001,16,8,0.060521457344293594,0.014105809852480888,,,,,,
8,0.001,16,8,0.019244760274887085,0.014105809852480888,,,,,,
8,0.001,16,8,0.058210670948028564,0.014105809852480888,,,,,,
8,0.001,16,8,0.04036731645464897,0.014105809852480888,,,,,,
8,0.001,16,8,0.04036731645464897,0.01406905334442854,,,,,,
9,0.001,16,9,0.047058019787073135,0.01406905334442854,,,,,,
9,0.001,16,9,0.06295657157897949,0.01406905334442854,,,,,,
9,0.001,16,9,0.013448127545416355,0.01406905334442854,,,,,,
9,0.001,16,9,0.03286709263920784,0.01406905334442854,,,,,,
9,0.001,16,9,0.004667637404054403,0.01406905334442854,,,,,,
9,0.001,16,9,0.006239291280508041,0.01406905334442854,,,,,,
9,0.001,16,9,0.005347989499568939,0.01406905334442854,,,,,,
9,0.001,16,9,0.0034506828524172306,0.01406905334442854,,,,,,
9,0.001,16,9,0.004008716903626919,0.01406905334442854,,,,,,
9,0.001,16,9,0.004766923375427723,0.01406905334442854,,,,,,
9,0.001,16,9,0.00687456363812089,0.01406905334442854,,,,,,
9,0.001,16,9,0.005315551999956369,0.01406905334442854,,,,,,
9,0.001,16,9,0.037738341838121414,0.01406905334442854,,,,,,
9,0.001,16,9,0.05904906243085861,0.01406905334442854,,,,,,
9,0.001,16,9,0.09267380088567734,0.01406905334442854,,,,,,
9,0.001,16,9,0.06427128612995148,0.01406905334442854,,,,,,
9,0.001,16,9,0.03029065951704979,0.01406905334442854,,,,,,
9,0.001,16,9,0.11657055467367172,0.01406905334442854,,,,,,
9,0.001,16,9,0.12699533998966217,0.01406905334442854,,,,,,
9,0.001,16,9,0.588438868522644,0.01406905334442854,,,,,,
9,0.001,16,9,0.09688430279493332,0.01406905334442854,,,,,,
9,0.001,16,9,0.020818788558244705,0.01406905334442854,,,,,,
9,0.001,16,9,0.048840999603271484,0.01406905334442854,,,,,,
9,0.001,16,9,0.019776778295636177,0.01406905334442854,,,,,,
9,0.001,16,9,0.018418816849589348,0.01406905334442854,,,,,,
9,0.001,16,9,0.017783984541893005,0.01406905334442854,,,,,,
9,0.001,16,9,0.022492332383990288,0.01406905334442854,,,,,,
9,0.001,16,9,0.005263194907456636,0.01406905334442854,,,,,,
9,0.001,16,9,0.0022130468860268593,0.01406905334442854,,,,,,
9,0.001,16,9,0.002710919361561537,0.01406905334442854,,,,,,
9,0.001,16,9,0.005276884417980909,0.01406905334442854,,,,,,
9,0.001,16,9,0.0033529687207192183,0.01406905334442854,,,,,,
9,0.001,16,9,0.004325169138610363,0.01406905334442854,,,,,,
9,0.001,16,9,0.012119889259338379,0.01406905334442854,,,,,,
9,0.001,16,9,0.011940238997340202,0.01406905334442854,,,,,,
9,0.001,16,9,0.014468343928456306,0.01406905334442854,,,,,,
9,0.001,16,9,0.017984753474593163,0.01406905334442854,,,,,,
9,0.001,16,9,0.011917184107005596,0.01406905334442854,,,,,,
9,0.001,16,9,0.014198933728039265,0.01406905334442854,,,,,,
9,0.001,16,9,0.031420912593603134,0.01406905334442854,,,,,,
9,0.001,16,9,0.03881826996803284,0.01406905334442854,,,,,,
9,0.001,16,9,0.015744825825095177,0.01406905334442854,,,,,,
9,0.001,16,9,0.019489778205752373,0.01406905334442854,,,,,,
9,0.001,16,9,0.07514466345310211,0.01406905334442854,,,,,,
9,0.001,16,9,0.021825892850756645,0.01406905334442854,,,,,,
9,0.001,16,9,0.024109357967972755,0.01406905334442854,,,,,,
9,0.001,16,9,0.019499028101563454,0.01406905334442854,,,,,,
9,0.001,16,9,0.00897879060357809,0.01406905334442854,,,,,,
9,0.001,16,9,0.007674465421587229,0.01406905334442854,,,,,,
9,0.001,16,9,0.008411546237766743,0.01406905334442854,,,,,,
9,0.001,16,9,0.0209326334297657,0.01406905334442854,,,,,,
9,0.001,16,9,0.0049831257201731205,0.01406905334442854,,,,,,
9,0.001,16,9,0.013770938850939274,0.01406905334442854,,,,,,
9,0.001,16,9,0.02366304025053978,0.01406905334442854,,,,,,
9,0.001,16,9,0.12456157058477402,0.01406905334442854,,,,,,
9,0.001,16,9,0.11411864310503006,0.01406905334442854,,,,,,
9,0.001,16,9,0.07784382253885269,0.01406905334442854,,,,,,
9,0.001,16,9,0.3192307949066162,0.01406905334442854,,,,,,
9,0.001,16,9,0.15267078578472137,0.01406905334442854,,,,,,
9,0.001,16,9,0.41323837637901306,0.01406905334442854,,,,,,
9,0.001,16,9,0.7117050290107727,0.01406905334442854,,,,,,
9,0.001,16,9,0.49635863304138184,0.01406905334442854,,,,,,
9,0.001,16,9,0.12233161181211472,0.01406905334442854,,,,,,
9,0.001,16,9,0.0006368182366713881,0.01406905334442854,,,,,,
9,0.001,16,9,0.0006603914662264287,0.01406905334442854,,,,,,
9,0.001,16,9,0.0005921707488596439,0.01406905334442854,,,,,,
9,0.001,16,9,0.0005435302155092359,0.01406905334442854,,,,,,
9,0.001,16,9,0.00048115308163687587,0.01406905334442854,,,,,,
9,0.001,16,9,0.0004024335357826203,0.01406905334442854,,,,,,
9,0.001,16,9,0.0003914511762559414,0.01406905334442854,,,,,,
9,0.001,16,9,0.0004217593523208052,0.01406905334442854,,,,,,
9,0.001,16,9,0.0003198918711859733,0.01406905334442854,,,,,,
9,0.001,16,9,0.0003388700424693525,0.01406905334442854,,,,,,
9,0.001,16,9,0.0002785086981020868,0.01406905334442854,,,,,,
9,0.001,16,9,0.00021900750289205462,0.01406905334442854,,,,,,
9,0.001,16,9,0.0002183437900384888,0.01406905334442854,,,,,,
9,0.001,16,9,0.00016052868159022182,0.01406905334442854,,,,,,
9,0.001,16,9,0.00015701835218351334,0.01406905334442854,,,,,,
9,0.001,16,9,0.00012612361751962453,0.01406905334442854,,,,,,
9,0.001,16,9,0.00011817889026133344,0.01406905334442854,,,,,,
9,0.001,16,9,8.289694233098999e-05,0.01406905334442854,,,,,,
9,0.001,16,9,7.613546040374786e-05,0.01406905334442854,,,,,,
9,0.001,16,9,7.128185825422406e-05,0.01406905334442854,,,,,,
9,0.001,16,9,6.671050505246967e-05,0.01406905334442854,,,,,,
9,0.001,16,9,0.37530067563056946,0.01406905334442854,,,,,,
9,0.001,16,9,0.4966941773891449,0.01406905334442854,,,,,,
9,0.001,16,9,3.504132109810598e-05,0.01406905334442854,,,,,,
9,0.001,16,9,3.504613050608896e-05,0.01406905334442854,,,,,,
9,0.001,16,9,3.83958758902736e-05,0.01406905334442854,,,,,,
9,0.001,16,9,0.3107907772064209,0.01406905334442854,,,,,,
9,0.001,16,9,0.6530118584632874,0.01406905334442854,,,,,,
9,0.001,16,9,0.39368870854377747,0.01406905334442854,,,,,,
9,0.001,16,9,0.06047975271940231,0.01406905334442854,,,,,,
9,0.001,16,9,0.019321395084261894,0.01406905334442854,,,,,,
9,0.001,16,9,0.05830035358667374,0.01406905334442854,,,,,,
9,0.001,16,9,0.04021844640374184,0.01406905334442854,,,,,,
9,0.001,16,9,0.04021844640374184,0.014009461738169193,,,,,,
10,0.001,16,10,0.04696602374315262,0.014009461738169193,,,,,,
10,0.001,16,10,0.062286246567964554,0.014009461738169193,,,,,,
10,0.001,16,10,0.0133444145321846,0.014009461738169193,,,,,,
10,0.001,16,10,0.032690227031707764,0.014009461738169193,,,,,,
10,0.001,16,10,0.004262432921677828,0.014009461738169193,,,,,,
10,0.001,16,10,0.005516265984624624,0.014009461738169193,,,,,,
10,0.001,16,10,0.0048710196278989315,0.014009461738169193,,,,,,
10,0.001,16,10,0.0033080470748245716,0.014009461738169193,,,,,,
10,0.001,16,10,0.0038646177854388952,0.014009461738169193,,,,,,
10,0.001,16,10,0.004949868191033602,0.014009461738169193,,,,,,
10,0.001,16,10,0.006557472515851259,0.014009461738169193,,,,,,
10,0.001,16,10,0.005573507864028215,0.014009461738169193,,,,,,
10,0.001,16,10,0.03742371127009392,0.014009461738169193,,,,,,
10,0.001,16,10,0.056995175778865814,0.014009461738169193,,,,,,
10,0.001,16,10,0.09265830367803574,0.014009461738169193,,,,,,
10,0.001,16,10,0.06404030323028564,0.014009461738169193,,,,,,
10,0.001,16,10,0.030399750918149948,0.014009461738169193,,,,,,
10,0.001,16,10,0.11663949489593506,0.014009461738169193,,,,,,
10,0.001,16,10,0.12728692591190338,0.014009461738169193,,,,,,
10,0.001,16,10,0.5879401564598083,0.014009461738169193,,,,,,
10,0.001,16,10,0.09734083712100983,0.014009461738169193,,,,,,
10,0.001,16,10,0.020605461671948433,0.014009461738169193,,,,,,
10,0.001,16,10,0.04901483654975891,0.014009461738169193,,,,,,
10,0.001,16,10,0.019462091848254204,0.014009461738169193,,,,,,
10,0.001,16,10,0.01823790930211544,0.014009461738169193,,,,,,
10,0.001,16,10,0.020142246037721634,0.014009461738169193,,,,,,
10,0.001,16,10,0.025505542755126953,0.014009461738169193,,,,,,
10,0.001,16,10,0.005433238577097654,0.014009461738169193,,,,,,
10,0.001,16,10,0.0026350265834480524,0.014009461738169193,,,,,,
10,0.001,16,10,0.002633366733789444,0.014009461738169193,,,,,,
10,0.001,16,10,0.005534216295927763,0.014009461738169193,,,,,,
10,0.001,16,10,0.003323588753119111,0.014009461738169193,,,,,,
10,0.001,16,10,0.004438317846506834,0.014009461738169193,,,,,,
10,0.001,16,10,0.012270349077880383,0.014009461738169193,,,,,,
10,0.001,16,10,0.011735228821635246,0.014009461738169193,,,,,,
10,0.001,16,10,0.014459921047091484,0.014009461738169193,,,,,,
10,0.001,16,10,0.018022572621703148,0.014009461738169193,,,,,,
10,0.001,16,10,0.011717204935848713,0.014009461738169193,,,,,,
10,0.001,16,10,0.014294696971774101,0.014009461738169193,,,,,,
10,0.001,16,10,0.03182779625058174,0.014009461738169193,,,,,,
10,0.001,16,10,0.03894796594977379,0.014009461738169193,,,,,,
10,0.001,16,10,0.01570146717131138,0.014009461738169193,,,,,,
10,0.001,16,10,0.019399691373109818,0.014009461738169193,,,,,,
10,0.001,16,10,0.07489313185214996,0.014009461738169193,,,,,,
10,0.001,16,10,0.02182340994477272,0.014009461738169193,,,,,,
10,0.001,16,10,0.024012843146920204,0.014009461738169193,,,,,,
10,0.001,16,10,0.019221747294068336,0.014009461738169193,,,,,,
10,0.001,16,10,0.009226175025105476,0.014009461738169193,,,,,,
10,0.001,16,10,0.008293901570141315,0.014009461738169193,,,,,,
10,0.001,16,10,0.008259785361588001,0.014009461738169193,,,,,,
10,0.001,16,10,0.022160427644848824,0.014009461738169193,,,,,,
10,0.001,16,10,0.004813749343156815,0.014009461738169193,,,,,,
10,0.001,16,10,0.013944155536592007,0.014009461738169193,,,,,,
10,0.001,16,10,0.02278720960021019,0.014009461738169193,,,,,,
10,0.001,16,10,0.12623336911201477,0.014009461738169193,,,,,,
10,0.001,16,10,0.11602038145065308,0.014009461738169193,,,,,,
10,0.001,16,10,0.07797259837388992,0.014009461738169193,,,,,,
10,0.001,16,10,0.3188006579875946,0.014009461738169193,,,,,,
10,0.001,16,10,0.15275995433330536,0.014009461738169193,,,,,,
10,0.001,16,10,0.41300371289253235,0.014009461738169193,,,,,,
10,0.001,16,10,0.712431013584137,0.014009461738169193,,,,,,
10,0.001,16,10,0.4948079288005829,0.014009461738169193,,,,,,
10,0.001,16,10,0.12261174619197845,0.014009461738169193,,,,,,
10,0.001,16,10,0.0006082322797738016,0.014009461738169193,,,,,,
10,0.001,16,10,0.0005914742941968143,0.014009461738169193,,,,,,
10,0.001,16,10,0.0004919809871353209,0.014009461738169193,,,,,,
10,0.001,16,10,0.0004739545111078769,0.014009461738169193,,,,,,
10,0.001,16,10,0.0005066324374638498,0.014009461738169193,,,,,,
10,0.001,16,10,0.00046921410830691457,0.014009461738169193,,,,,,
10,0.001,16,10,0.00036789229488931596,0.014009461738169193,,,,,,
10,0.001,16,10,0.0003759368846658617,0.014009461738169193,,,,,,
10,0.001,16,10,0.0003145716618746519,0.014009461738169193,,,,,,
10,0.001,16,10,0.00029027630807831883,0.014009461738169193,,,,,,
10,0.001,16,10,0.0002847269643098116,0.014009461738169193,,,,,,
10,0.001,16,10,0.0002184319164371118,0.014009461738169193,,,,,,
10,0.001,16,10,0.00020757573656737804,0.014009461738169193,,,,,,
10,0.001,16,10,0.00019797000277321786,0.014009461738169193,,,,,,
10,0.001,16,10,0.00015411432832479477,0.014009461738169193,,,,,,
10,0.001,16,10,0.00012561852054204792,0.014009461738169193,,,,,,
10,0.001,16,10,0.00012400225386954844,0.014009461738169193,,,,,,
10,0.001,16,10,9.9238044640515e-05,0.014009461738169193,,,,,,
10,0.001,16,10,9.658979251980782e-05,0.014009461738169193,,,,,,
10,0.001,16,10,7.631311018485576e-05,0.014009461738169193,,,,,,
10,0.001,16,10,6.562259659403935e-05,0.014009461738169193,,,,,,
10,0.001,16,10,0.37493816018104553,0.014009461738169193,,,,,,
10,0.001,16,10,0.4967181086540222,0.014009461738169193,,,,,,
10,0.001,16,10,3.852883673971519e-05,0.014009461738169193,,,,,,
10,0.001,16,10,3.124668000964448e-05,0.014009461738169193,,,,,,
10,0.001,16,10,3.45057669619564e-05,0.014009461738169193,,,,,,
10,0.001,16,10,0.311665803194046,0.014009461738169193,,,,,,
10,0.001,16,10,0.6528803110122681,0.014009461738169193,,,,,,
10,0.001,16,10,0.3941482901573181,0.014009461738169193,,,,,,
10,0.001,16,10,0.06048605591058731,0.014009461738169193,,,,,,
10,0.001,16,10,0.01906457170844078,0.014009461738169193,,,,,,
10,0.001,16,10,0.05833503231406212,0.014009461738169193,,,,,,
10,0.001,16,10,0.03991960734128952,0.014009461738169193,,,,,,
10,0.001,16,10,0.03991960734128952,0.014011473394930363,,,,,,
